{
  "pr_of_conversion": {
    "at_home": 0.48460384368078874, 
    "down": {
      "1": 0.15361781076066791, 
      "2": 0.13799666904591959, 
      "3": 0.18131101813110181, 
      "4": 0.17317708333333334
    }, 
    "score": {
      "(40, 50)": 0.10256410256410256, 
      "(30, 40)": 0.12564102564102564, 
      "(0, 10)": 0.15622809067539145, 
      "(20, 30)": 0.14738805970149255, 
      "(10, 20)": 0.16666666666666666
    }, 
    "yards": {
      "(90, 100)": 0.24086021505376345, 
      "(40, 50)": 0.15966921119592875, 
      "(30, 40)": 0.14098837209302326, 
      "(60, 70)": 0.18931583880037489, 
      "(50, 60)": 0.18323789692868298, 
      "(80, 90)": 0.21210013908205841, 
      "(70, 80)": 0.18839884947267499, 
      "(0, 10)": 0.0, 
      "(10, 20)": 0.047808764940239043, 
      "(20, 30)": 0.11469838572642312
    }, 
    "is_losing": 0.34771736800743014, 
    "quarter": {
      "1": 0.14608480346641906, 
      "2": 0.16392572944297082, 
      "3": 0.16481137909709337, 
      "4": 0.15202423574772789
    }
  }, 
  "team": "BAL"
}
