{
  "pr_of_conversion": {
    "at_home": 0.50489931332458915, 
    "down": {
      "1": 0.17114963140067743, 
      "2": 0.13733228097868982, 
      "3": 0.16252390057361377, 
      "4": 0.18283093053735255
    }, 
    "score": {
      "(20, 30)": 0.16679657053780203, 
      "(30, 40)": 0.15451895043731778, 
      "(50, 60)": 0.090909090909090912, 
      "(0, 10)": 0.16036923076923076, 
      "(10, 20)": 0.1610034931724357, 
      "(40, 50)": 0.14000000000000001
    }, 
    "yards": {
      "(90, 100)": 0.26340326340326342, 
      "(100, 110)": 1.0, 
      "(40, 50)": 0.17456896551724138, 
      "(30, 40)": 0.17380759902991108, 
      "(60, 70)": 0.17545541706615533, 
      "(50, 60)": 0.18505338078291814, 
      "(80, 90)": 0.1956027293404094, 
      "(70, 80)": 0.19487908961593173, 
      "(0, 10)": 0.0, 
      "(10, 20)": 0.04480874316939891, 
      "(20, 30)": 0.11803588290840415
    }, 
    "is_losing": 0.44394722629426742, 
    "quarter": {
      "1": 0.15859481582537516, 
      "2": 0.15991902834008098, 
      "3": 0.16057180851063829, 
      "4": 0.16334894613583137
    }
  }, 
  "team": "SF"
}
